{"epoch": 3, "loss": 0.15295726162466136, "accuracy": 0.963924963924964, "val_loss": 1.151826422661543, "val_accuracy": 0.646551724137931, "_step": 3, "_runtime": 7014, "_timestamp": 1610390934}